surface,fibres,flocons,paillettes,filename,image,video
MC,raw,raw,raw,MC_raw_raw_raw,MC_raw_raw_raw.jpeg,MC_raw_raw_raw.webp
MC,raw,raw,gold,MC_raw_raw_gold,MC_raw_raw_gold.jpeg,MC_raw_raw_gold.webp
MC,raw,raw,red,MC_raw_raw_red,MC_raw_raw_red.jpeg,MC_raw_raw_red.webp
MC,raw,raw,green,MC_raw_raw_green,MC_raw_raw_green.jpeg,MC_raw_raw_green.webp
MC,raw,raw,blue,MC_raw_raw_blue,MC_raw_raw_blue.jpeg,MC_raw_raw_blue.webp
MC,raw,gold,raw,MC_raw_gold_raw,MC_raw_gold_raw.jpeg,MC_raw_gold_raw.webp
MC,raw,gold,gold,MC_raw_gold_gold,MC_raw_gold_gold.jpeg,MC_raw_gold_gold.webp
MC,raw,gold,red,MC_raw_gold_red,MC_raw_gold_red.jpeg,MC_raw_gold_red.webp
MC,raw,gold,green,MC_raw_gold_green,MC_raw_gold_green.jpeg,MC_raw_gold_green.webp
MC,raw,gold,blue,MC_raw_gold_blue,MC_raw_gold_blue.jpeg,MC_raw_gold_blue.webp
MC,raw,red,raw,MC_raw_red_raw,MC_raw_red_raw.jpeg,MC_raw_red_raw.webp
MC,raw,red,gold,MC_raw_red_gold,MC_raw_red_gold.jpeg,MC_raw_red_gold.webp
MC,raw,red,red,MC_raw_red_red,MC_raw_red_red.jpeg,MC_raw_red_red.webp
MC,raw,red,green,MC_raw_red_green,MC_raw_red_green.jpeg,MC_raw_red_green.webp
MC,raw,red,blue,MC_raw_red_blue,MC_raw_red_blue.jpeg,MC_raw_red_blue.webp
MC,raw,green,raw,MC_raw_green_raw,MC_raw_green_raw.jpeg,MC_raw_green_raw.webp
MC,raw,green,gold,MC_raw_green_gold,MC_raw_green_gold.jpeg,MC_raw_green_gold.webp
MC,raw,green,red,MC_raw_green_red,MC_raw_green_red.jpeg,MC_raw_green_red.webp
MC,raw,green,green,MC_raw_green_green,MC_raw_green_green.jpeg,MC_raw_green_green.webp
MC,raw,green,blue,MC_raw_green_blue,MC_raw_green_blue.jpeg,MC_raw_green_blue.webp
MC,raw,blue,raw,MC_raw_blue_raw,MC_raw_blue_raw.jpeg,MC_raw_blue_raw.webp
MC,raw,blue,gold,MC_raw_blue_gold,MC_raw_blue_gold.jpeg,MC_raw_blue_gold.webp
MC,raw,blue,red,MC_raw_blue_red,MC_raw_blue_red.jpeg,MC_raw_blue_red.webp
MC,raw,blue,green,MC_raw_blue_green,MC_raw_blue_green.jpeg,MC_raw_blue_green.webp
MC,raw,blue,blue,MC_raw_blue_blue,MC_raw_blue_blue.jpeg,MC_raw_blue_blue.webp
MC,gold,raw,raw,MC_gold_raw_raw,MC_gold_raw_raw.jpeg,MC_gold_raw_raw.webp
MC,gold,raw,gold,MC_gold_raw_gold,MC_gold_raw_gold.jpeg,MC_gold_raw_gold.webp
MC,gold,raw,red,MC_gold_raw_red,MC_gold_raw_red.jpeg,MC_gold_raw_red.webp
MC,gold,raw,green,MC_gold_raw_green,MC_gold_raw_green.jpeg,MC_gold_raw_green.webp
MC,gold,raw,blue,MC_gold_raw_blue,MC_gold_raw_blue.jpeg,MC_gold_raw_blue.webp
MC,gold,gold,raw,MC_gold_gold_raw,MC_gold_gold_raw.jpeg,MC_gold_gold_raw.webp
MC,gold,gold,gold,MC_gold_gold_gold,MC_gold_gold_gold.jpeg,MC_gold_gold_gold.webp
MC,gold,gold,red,MC_gold_gold_red,MC_gold_gold_red.jpeg,MC_gold_gold_red.webp
MC,gold,gold,green,MC_gold_gold_green,MC_gold_gold_green.jpeg,MC_gold_gold_green.webp
MC,gold,gold,blue,MC_gold_gold_blue,MC_gold_gold_blue.jpeg,MC_gold_gold_blue.webp
MC,gold,red,raw,MC_gold_red_raw,MC_gold_red_raw.jpeg,MC_gold_red_raw.webp
MC,gold,red,gold,MC_gold_red_gold,MC_gold_red_gold.jpeg,MC_gold_red_gold.webp
MC,gold,red,red,MC_gold_red_red,MC_gold_red_red.jpeg,MC_gold_red_red.webp
MC,gold,red,green,MC_gold_red_green,MC_gold_red_green.jpeg,MC_gold_red_green.webp
MC,gold,red,blue,MC_gold_red_blue,MC_gold_red_blue.jpeg,MC_gold_red_blue.webp
MC,gold,green,raw,MC_gold_green_raw,MC_gold_green_raw.jpeg,MC_gold_green_raw.webp
MC,gold,green,gold,MC_gold_green_gold,MC_gold_green_gold.jpeg,MC_gold_green_gold.webp
MC,gold,green,red,MC_gold_green_red,MC_gold_green_red.jpeg,MC_gold_green_red.webp
MC,gold,green,green,MC_gold_green_green,MC_gold_green_green.jpeg,MC_gold_green_green.webp
MC,gold,green,blue,MC_gold_green_blue,MC_gold_green_blue.jpeg,MC_gold_green_blue.webp
MC,gold,blue,raw,MC_gold_blue_raw,MC_gold_blue_raw.jpeg,MC_gold_blue_raw.webp
MC,gold,blue,gold,MC_gold_blue_gold,MC_gold_blue_gold.jpeg,MC_gold_blue_gold.webp
MC,gold,blue,red,MC_gold_blue_red,MC_gold_blue_red.jpeg,MC_gold_blue_red.webp
MC,gold,blue,green,MC_gold_blue_green,MC_gold_blue_green.jpeg,MC_gold_blue_green.webp
MC,gold,blue,blue,MC_gold_blue_blue,MC_gold_blue_blue.jpeg,MC_gold_blue_blue.webp
MC,red,raw,raw,MC_red_raw_raw,MC_red_raw_raw.jpeg,MC_red_raw_raw.webp
MC,red,raw,gold,MC_red_raw_gold,MC_red_raw_gold.jpeg,MC_red_raw_gold.webp
MC,red,raw,red,MC_red_raw_red,MC_red_raw_red.jpeg,MC_red_raw_red.webp
MC,red,raw,green,MC_red_raw_green,MC_red_raw_green.jpeg,MC_red_raw_green.webp
MC,red,raw,blue,MC_red_raw_blue,MC_red_raw_blue.jpeg,MC_red_raw_blue.webp
MC,red,gold,raw,MC_red_gold_raw,MC_red_gold_raw.jpeg,MC_red_gold_raw.webp
MC,red,gold,gold,MC_red_gold_gold,MC_red_gold_gold.jpeg,MC_red_gold_gold.webp
MC,red,gold,red,MC_red_gold_red,MC_red_gold_red.jpeg,MC_red_gold_red.webp
MC,red,gold,green,MC_red_gold_green,MC_red_gold_green.jpeg,MC_red_gold_green.webp
MC,red,gold,blue,MC_red_gold_blue,MC_red_gold_blue.jpeg,MC_red_gold_blue.webp
MC,red,red,raw,MC_red_red_raw,MC_red_red_raw.jpeg,MC_red_red_raw.webp
MC,red,red,gold,MC_red_red_gold,MC_red_red_gold.jpeg,MC_red_red_gold.webp
MC,red,red,red,MC_red_red_red,MC_red_red_red.jpeg,MC_red_red_red.webp
MC,red,red,green,MC_red_red_green,MC_red_red_green.jpeg,MC_red_red_green.webp
MC,red,red,blue,MC_red_red_blue,MC_red_red_blue.jpeg,MC_red_red_blue.webp
MC,red,green,raw,MC_red_green_raw,MC_red_green_raw.jpeg,MC_red_green_raw.webp
MC,red,green,gold,MC_red_green_gold,MC_red_green_gold.jpeg,MC_red_green_gold.webp
MC,red,green,red,MC_red_green_red,MC_red_green_red.jpeg,MC_red_green_red.webp
MC,red,green,green,MC_red_green_green,MC_red_green_green.jpeg,MC_red_green_green.webp
MC,red,green,blue,MC_red_green_blue,MC_red_green_blue.jpeg,MC_red_green_blue.webp
MC,red,blue,raw,MC_red_blue_raw,MC_red_blue_raw.jpeg,MC_red_blue_raw.webp
MC,red,blue,gold,MC_red_blue_gold,MC_red_blue_gold.jpeg,MC_red_blue_gold.webp
MC,red,blue,red,MC_red_blue_red,MC_red_blue_red.jpeg,MC_red_blue_red.webp
MC,red,blue,green,MC_red_blue_green,MC_red_blue_green.jpeg,MC_red_blue_green.webp
MC,red,blue,blue,MC_red_blue_blue,MC_red_blue_blue.jpeg,MC_red_blue_blue.webp
MC,green,raw,raw,MC_green_raw_raw,MC_green_raw_raw.jpeg,MC_green_raw_raw.webp
MC,green,raw,gold,MC_green_raw_gold,MC_green_raw_gold.jpeg,MC_green_raw_gold.webp
MC,green,raw,red,MC_green_raw_red,MC_green_raw_red.jpeg,MC_green_raw_red.webp
MC,green,raw,green,MC_green_raw_green,MC_green_raw_green.jpeg,MC_green_raw_green.webp
MC,green,raw,blue,MC_green_raw_blue,MC_green_raw_blue.jpeg,MC_green_raw_blue.webp
MC,green,gold,raw,MC_green_gold_raw,MC_green_gold_raw.jpeg,MC_green_gold_raw.webp
MC,green,gold,gold,MC_green_gold_gold,MC_green_gold_gold.jpeg,MC_green_gold_gold.webp
MC,green,gold,red,MC_green_gold_red,MC_green_gold_red.jpeg,MC_green_gold_red.webp
MC,green,gold,green,MC_green_gold_green,MC_green_gold_green.jpeg,MC_green_gold_green.webp
MC,green,gold,blue,MC_green_gold_blue,MC_green_gold_blue.jpeg,MC_green_gold_blue.webp
MC,green,red,raw,MC_green_red_raw,MC_green_red_raw.jpeg,MC_green_red_raw.webp
MC,green,red,gold,MC_green_red_gold,MC_green_red_gold.jpeg,MC_green_red_gold.webp
MC,green,red,red,MC_green_red_red,MC_green_red_red.jpeg,MC_green_red_red.webp
MC,green,red,green,MC_green_red_green,MC_green_red_green.jpeg,MC_green_red_green.webp
MC,green,red,blue,MC_green_red_blue,MC_green_red_blue.jpeg,MC_green_red_blue.webp
MC,green,green,raw,MC_green_green_raw,MC_green_green_raw.jpeg,MC_green_green_raw.webp
MC,green,green,gold,MC_green_green_gold,MC_green_green_gold.jpeg,MC_green_green_gold.webp
MC,green,green,red,MC_green_green_red,MC_green_green_red.jpeg,MC_green_green_red.webp
MC,green,green,green,MC_green_green_green,MC_green_green_green.jpeg,MC_green_green_green.webp
MC,green,green,blue,MC_green_green_blue,MC_green_green_blue.jpeg,MC_green_green_blue.webp
MC,green,blue,raw,MC_green_blue_raw,MC_green_blue_raw.jpeg,MC_green_blue_raw.webp
MC,green,blue,gold,MC_green_blue_gold,MC_green_blue_gold.jpeg,MC_green_blue_gold.webp
MC,green,blue,red,MC_green_blue_red,MC_green_blue_red.jpeg,MC_green_blue_red.webp
MC,green,blue,green,MC_green_blue_green,MC_green_blue_green.jpeg,MC_green_blue_green.webp
MC,green,blue,blue,MC_green_blue_blue,MC_green_blue_blue.jpeg,MC_green_blue_blue.webp
MC,blue,raw,raw,MC_blue_raw_raw,MC_blue_raw_raw.jpeg,MC_blue_raw_raw.webp
MC,blue,raw,gold,MC_blue_raw_gold,MC_blue_raw_gold.jpeg,MC_blue_raw_gold.webp
MC,blue,raw,red,MC_blue_raw_red,MC_blue_raw_red.jpeg,MC_blue_raw_red.webp
MC,blue,raw,green,MC_blue_raw_green,MC_blue_raw_green.jpeg,MC_blue_raw_green.webp
MC,blue,raw,blue,MC_blue_raw_blue,MC_blue_raw_blue.jpeg,MC_blue_raw_blue.webp
MC,blue,gold,raw,MC_blue_gold_raw,MC_blue_gold_raw.jpeg,MC_blue_gold_raw.webp
MC,blue,gold,gold,MC_blue_gold_gold,MC_blue_gold_gold.jpeg,MC_blue_gold_gold.webp
MC,blue,gold,red,MC_blue_gold_red,MC_blue_gold_red.jpeg,MC_blue_gold_red.webp
MC,blue,gold,green,MC_blue_gold_green,MC_blue_gold_green.jpeg,MC_blue_gold_green.webp
MC,blue,gold,blue,MC_blue_gold_blue,MC_blue_gold_blue.jpeg,MC_blue_gold_blue.webp
MC,blue,red,raw,MC_blue_red_raw,MC_blue_red_raw.jpeg,MC_blue_red_raw.webp
MC,blue,red,gold,MC_blue_red_gold,MC_blue_red_gold.jpeg,MC_blue_red_gold.webp
MC,blue,red,red,MC_blue_red_red,MC_blue_red_red.jpeg,MC_blue_red_red.webp
MC,blue,red,green,MC_blue_red_green,MC_blue_red_green.jpeg,MC_blue_red_green.webp
MC,blue,red,blue,MC_blue_red_blue,MC_blue_red_blue.jpeg,MC_blue_red_blue.webp
MC,blue,green,raw,MC_blue_green_raw,MC_blue_green_raw.jpeg,MC_blue_green_raw.webp
MC,blue,green,gold,MC_blue_green_gold,MC_blue_green_gold.jpeg,MC_blue_green_gold.webp
MC,blue,green,red,MC_blue_green_red,MC_blue_green_red.jpeg,MC_blue_green_red.webp
MC,blue,green,green,MC_blue_green_green,MC_blue_green_green.jpeg,MC_blue_green_green.webp
MC,blue,green,blue,MC_blue_green_blue,MC_blue_green_blue.jpeg,MC_blue_green_blue.webp
MC,blue,blue,raw,MC_blue_blue_raw,MC_blue_blue_raw.jpeg,MC_blue_blue_raw.webp
MC,blue,blue,gold,MC_blue_blue_gold,MC_blue_blue_gold.jpeg,MC_blue_blue_gold.webp
MC,blue,blue,red,MC_blue_blue_red,MC_blue_blue_red.jpeg,MC_blue_blue_red.webp
MC,blue,blue,green,MC_blue_blue_green,MC_blue_blue_green.jpeg,MC_blue_blue_green.webp
MC,blue,blue,blue,MC_blue_blue_blue,MC_blue_blue_blue.jpeg,MC_blue_blue_blue.webp
CC,raw,raw,raw,CC_raw_raw_raw,CC_raw_raw_raw.jpeg,CC_raw_raw_raw.webp
CC,raw,raw,gold,CC_raw_raw_gold,CC_raw_raw_gold.jpeg,CC_raw_raw_gold.webp
CC,raw,raw,red,CC_raw_raw_red,CC_raw_raw_red.jpeg,CC_raw_raw_red.webp
CC,raw,raw,green,CC_raw_raw_green,CC_raw_raw_green.jpeg,CC_raw_raw_green.webp
CC,raw,raw,blue,CC_raw_raw_blue,CC_raw_raw_blue.jpeg,CC_raw_raw_blue.webp
CC,raw,gold,raw,CC_raw_gold_raw,CC_raw_gold_raw.jpeg,CC_raw_gold_raw.webp
CC,raw,gold,gold,CC_raw_gold_gold,CC_raw_gold_gold.jpeg,CC_raw_gold_gold.webp
CC,raw,gold,red,CC_raw_gold_red,CC_raw_gold_red.jpeg,CC_raw_gold_red.webp
CC,raw,gold,green,CC_raw_gold_green,CC_raw_gold_green.jpeg,CC_raw_gold_green.webp
CC,raw,gold,blue,CC_raw_gold_blue,CC_raw_gold_blue.jpeg,CC_raw_gold_blue.webp
CC,raw,red,raw,CC_raw_red_raw,CC_raw_red_raw.jpeg,CC_raw_red_raw.webp
CC,raw,red,gold,CC_raw_red_gold,CC_raw_red_gold.jpeg,CC_raw_red_gold.webp
CC,raw,red,red,CC_raw_red_red,CC_raw_red_red.jpeg,CC_raw_red_red.webp
CC,raw,red,green,CC_raw_red_green,CC_raw_red_green.jpeg,CC_raw_red_green.webp
CC,raw,red,blue,CC_raw_red_blue,CC_raw_red_blue.jpeg,CC_raw_red_blue.webp
CC,raw,green,raw,CC_raw_green_raw,CC_raw_green_raw.jpeg,CC_raw_green_raw.webp
CC,raw,green,gold,CC_raw_green_gold,CC_raw_green_gold.jpeg,CC_raw_green_gold.webp
CC,raw,green,red,CC_raw_green_red,CC_raw_green_red.jpeg,CC_raw_green_red.webp
CC,raw,green,green,CC_raw_green_green,CC_raw_green_green.jpeg,CC_raw_green_green.webp
CC,raw,green,blue,CC_raw_green_blue,CC_raw_green_blue.jpeg,CC_raw_green_blue.webp
CC,raw,blue,raw,CC_raw_blue_raw,CC_raw_blue_raw.jpeg,CC_raw_blue_raw.webp
CC,raw,blue,gold,CC_raw_blue_gold,CC_raw_blue_gold.jpeg,CC_raw_blue_gold.webp
CC,raw,blue,red,CC_raw_blue_red,CC_raw_blue_red.jpeg,CC_raw_blue_red.webp
CC,raw,blue,green,CC_raw_blue_green,CC_raw_blue_green.jpeg,CC_raw_blue_green.webp
CC,raw,blue,blue,CC_raw_blue_blue,CC_raw_blue_blue.jpeg,CC_raw_blue_blue.webp
CC,gold,raw,raw,CC_gold_raw_raw,CC_gold_raw_raw.jpeg,CC_gold_raw_raw.webp
CC,gold,raw,gold,CC_gold_raw_gold,CC_gold_raw_gold.jpeg,CC_gold_raw_gold.webp
CC,gold,raw,red,CC_gold_raw_red,CC_gold_raw_red.jpeg,CC_gold_raw_red.webp
CC,gold,raw,green,CC_gold_raw_green,CC_gold_raw_green.jpeg,CC_gold_raw_green.webp
CC,gold,raw,blue,CC_gold_raw_blue,CC_gold_raw_blue.jpeg,CC_gold_raw_blue.webp
CC,gold,gold,raw,CC_gold_gold_raw,CC_gold_gold_raw.jpeg,CC_gold_gold_raw.webp
CC,gold,gold,gold,CC_gold_gold_gold,CC_gold_gold_gold.jpeg,CC_gold_gold_gold.webp
CC,gold,gold,red,CC_gold_gold_red,CC_gold_gold_red.jpeg,CC_gold_gold_red.webp
CC,gold,gold,green,CC_gold_gold_green,CC_gold_gold_green.jpeg,CC_gold_gold_green.webp
CC,gold,gold,blue,CC_gold_gold_blue,CC_gold_gold_blue.jpeg,CC_gold_gold_blue.webp
CC,gold,red,raw,CC_gold_red_raw,CC_gold_red_raw.jpeg,CC_gold_red_raw.webp
CC,gold,red,gold,CC_gold_red_gold,CC_gold_red_gold.jpeg,CC_gold_red_gold.webp
CC,gold,red,red,CC_gold_red_red,CC_gold_red_red.jpeg,CC_gold_red_red.webp
CC,gold,red,green,CC_gold_red_green,CC_gold_red_green.jpeg,CC_gold_red_green.webp
CC,gold,red,blue,CC_gold_red_blue,CC_gold_red_blue.jpeg,CC_gold_red_blue.webp
CC,gold,green,raw,CC_gold_green_raw,CC_gold_green_raw.jpeg,CC_gold_green_raw.webp
CC,gold,green,gold,CC_gold_green_gold,CC_gold_green_gold.jpeg,CC_gold_green_gold.webp
CC,gold,green,red,CC_gold_green_red,CC_gold_green_red.jpeg,CC_gold_green_red.webp
CC,gold,green,green,CC_gold_green_green,CC_gold_green_green.jpeg,CC_gold_green_green.webp
CC,gold,green,blue,CC_gold_green_blue,CC_gold_green_blue.jpeg,CC_gold_green_blue.webp
CC,gold,blue,raw,CC_gold_blue_raw,CC_gold_blue_raw.jpeg,CC_gold_blue_raw.webp
CC,gold,blue,gold,CC_gold_blue_gold,CC_gold_blue_gold.jpeg,CC_gold_blue_gold.webp
CC,gold,blue,red,CC_gold_blue_red,CC_gold_blue_red.jpeg,CC_gold_blue_red.webp
CC,gold,blue,green,CC_gold_blue_green,CC_gold_blue_green.jpeg,CC_gold_blue_green.webp
CC,gold,blue,blue,CC_gold_blue_blue,CC_gold_blue_blue.jpeg,CC_gold_blue_blue.webp
CC,red,raw,raw,CC_red_raw_raw,CC_red_raw_raw.jpeg,CC_red_raw_raw.webp
CC,red,raw,gold,CC_red_raw_gold,CC_red_raw_gold.jpeg,CC_red_raw_gold.webp
CC,red,raw,red,CC_red_raw_red,CC_red_raw_red.jpeg,CC_red_raw_red.webp
CC,red,raw,green,CC_red_raw_green,CC_red_raw_green.jpeg,CC_red_raw_green.webp
CC,red,raw,blue,CC_red_raw_blue,CC_red_raw_blue.jpeg,CC_red_raw_blue.webp
CC,red,gold,raw,CC_red_gold_raw,CC_red_gold_raw.jpeg,CC_red_gold_raw.webp
CC,red,gold,gold,CC_red_gold_gold,CC_red_gold_gold.jpeg,CC_red_gold_gold.webp
CC,red,gold,red,CC_red_gold_red,CC_red_gold_red.jpeg,CC_red_gold_red.webp
CC,red,gold,green,CC_red_gold_green,CC_red_gold_green.jpeg,CC_red_gold_green.webp
CC,red,gold,blue,CC_red_gold_blue,CC_red_gold_blue.jpeg,CC_red_gold_blue.webp
CC,red,red,raw,CC_red_red_raw,CC_red_red_raw.jpeg,CC_red_red_raw.webp
CC,red,red,gold,CC_red_red_gold,CC_red_red_gold.jpeg,CC_red_red_gold.webp
CC,red,red,red,CC_red_red_red,CC_red_red_red.jpeg,CC_red_red_red.webp
CC,red,red,green,CC_red_red_green,CC_red_red_green.jpeg,CC_red_red_green.webp
CC,red,red,blue,CC_red_red_blue,CC_red_red_blue.jpeg,CC_red_red_blue.webp
CC,red,green,raw,CC_red_green_raw,CC_red_green_raw.jpeg,CC_red_green_raw.webp
CC,red,green,gold,CC_red_green_gold,CC_red_green_gold.jpeg,CC_red_green_gold.webp
CC,red,green,red,CC_red_green_red,CC_red_green_red.jpeg,CC_red_green_red.webp
CC,red,green,green,CC_red_green_green,CC_red_green_green.jpeg,CC_red_green_green.webp
CC,red,green,blue,CC_red_green_blue,CC_red_green_blue.jpeg,CC_red_green_blue.webp
CC,red,blue,raw,CC_red_blue_raw,CC_red_blue_raw.jpeg,CC_red_blue_raw.webp
CC,red,blue,gold,CC_red_blue_gold,CC_red_blue_gold.jpeg,CC_red_blue_gold.webp
CC,red,blue,red,CC_red_blue_red,CC_red_blue_red.jpeg,CC_red_blue_red.webp
CC,red,blue,green,CC_red_blue_green,CC_red_blue_green.jpeg,CC_red_blue_green.webp
CC,red,blue,blue,CC_red_blue_blue,CC_red_blue_blue.jpeg,CC_red_blue_blue.webp
CC,green,raw,raw,CC_green_raw_raw,CC_green_raw_raw.jpeg,CC_green_raw_raw.webp
CC,green,raw,gold,CC_green_raw_gold,CC_green_raw_gold.jpeg,CC_green_raw_gold.webp
CC,green,raw,red,CC_green_raw_red,CC_green_raw_red.jpeg,CC_green_raw_red.webp
CC,green,raw,green,CC_green_raw_green,CC_green_raw_green.jpeg,CC_green_raw_green.webp
CC,green,raw,blue,CC_green_raw_blue,CC_green_raw_blue.jpeg,CC_green_raw_blue.webp
CC,green,gold,raw,CC_green_gold_raw,CC_green_gold_raw.jpeg,CC_green_gold_raw.webp
CC,green,gold,gold,CC_green_gold_gold,CC_green_gold_gold.jpeg,CC_green_gold_gold.webp
CC,green,gold,red,CC_green_gold_red,CC_green_gold_red.jpeg,CC_green_gold_red.webp
CC,green,gold,green,CC_green_gold_green,CC_green_gold_green.jpeg,CC_green_gold_green.webp
CC,green,gold,blue,CC_green_gold_blue,CC_green_gold_blue.jpeg,CC_green_gold_blue.webp
CC,green,red,raw,CC_green_red_raw,CC_green_red_raw.jpeg,CC_green_red_raw.webp
CC,green,red,gold,CC_green_red_gold,CC_green_red_gold.jpeg,CC_green_red_gold.webp
CC,green,red,red,CC_green_red_red,CC_green_red_red.jpeg,CC_green_red_red.webp
CC,green,red,green,CC_green_red_green,CC_green_red_green.jpeg,CC_green_red_green.webp
CC,green,red,blue,CC_green_red_blue,CC_green_red_blue.jpeg,CC_green_red_blue.webp
CC,green,green,raw,CC_green_green_raw,CC_green_green_raw.jpeg,CC_green_green_raw.webp
CC,green,green,gold,CC_green_green_gold,CC_green_green_gold.jpeg,CC_green_green_gold.webp
CC,green,green,red,CC_green_green_red,CC_green_green_red.jpeg,CC_green_green_red.webp
CC,green,green,green,CC_green_green_green,CC_green_green_green.jpeg,CC_green_green_green.webp
CC,green,green,blue,CC_green_green_blue,CC_green_green_blue.jpeg,CC_green_green_blue.webp
CC,green,blue,raw,CC_green_blue_raw,CC_green_blue_raw.jpeg,CC_green_blue_raw.webp
CC,green,blue,gold,CC_green_blue_gold,CC_green_blue_gold.jpeg,CC_green_blue_gold.webp
CC,green,blue,red,CC_green_blue_red,CC_green_blue_red.jpeg,CC_green_blue_red.webp
CC,green,blue,green,CC_green_blue_green,CC_green_blue_green.jpeg,CC_green_blue_green.webp
CC,green,blue,blue,CC_green_blue_blue,CC_green_blue_blue.jpeg,CC_green_blue_blue.webp
CC,blue,raw,raw,CC_blue_raw_raw,CC_blue_raw_raw.jpeg,CC_blue_raw_raw.webp
CC,blue,raw,gold,CC_blue_raw_gold,CC_blue_raw_gold.jpeg,CC_blue_raw_gold.webp
CC,blue,raw,red,CC_blue_raw_red,CC_blue_raw_red.jpeg,CC_blue_raw_red.webp
CC,blue,raw,green,CC_blue_raw_green,CC_blue_raw_green.jpeg,CC_blue_raw_green.webp
CC,blue,raw,blue,CC_blue_raw_blue,CC_blue_raw_blue.jpeg,CC_blue_raw_blue.webp
CC,blue,gold,raw,CC_blue_gold_raw,CC_blue_gold_raw.jpeg,CC_blue_gold_raw.webp
CC,blue,gold,gold,CC_blue_gold_gold,CC_blue_gold_gold.jpeg,CC_blue_gold_gold.webp
CC,blue,gold,red,CC_blue_gold_red,CC_blue_gold_red.jpeg,CC_blue_gold_red.webp
CC,blue,gold,green,CC_blue_gold_green,CC_blue_gold_green.jpeg,CC_blue_gold_green.webp
CC,blue,gold,blue,CC_blue_gold_blue,CC_blue_gold_blue.jpeg,CC_blue_gold_blue.webp
CC,blue,red,raw,CC_blue_red_raw,CC_blue_red_raw.jpeg,CC_blue_red_raw.webp
CC,blue,red,gold,CC_blue_red_gold,CC_blue_red_gold.jpeg,CC_blue_red_gold.webp
CC,blue,red,red,CC_blue_red_red,CC_blue_red_red.jpeg,CC_blue_red_red.webp
CC,blue,red,green,CC_blue_red_green,CC_blue_red_green.jpeg,CC_blue_red_green.webp
CC,blue,red,blue,CC_blue_red_blue,CC_blue_red_blue.jpeg,CC_blue_red_blue.webp
CC,blue,green,raw,CC_blue_green_raw,CC_blue_green_raw.jpeg,CC_blue_green_raw.webp
CC,blue,green,gold,CC_blue_green_gold,CC_blue_green_gold.jpeg,CC_blue_green_gold.webp
CC,blue,green,red,CC_blue_green_red,CC_blue_green_red.jpeg,CC_blue_green_red.webp
CC,blue,green,green,CC_blue_green_green,CC_blue_green_green.jpeg,CC_blue_green_green.webp
CC,blue,green,blue,CC_blue_green_blue,CC_blue_green_blue.jpeg,CC_blue_green_blue.webp
CC,blue,blue,raw,CC_blue_blue_raw,CC_blue_blue_raw.jpeg,CC_blue_blue_raw.webp
CC,blue,blue,gold,CC_blue_blue_gold,CC_blue_blue_gold.jpeg,CC_blue_blue_gold.webp
CC,blue,blue,red,CC_blue_blue_red,CC_blue_blue_red.jpeg,CC_blue_blue_red.webp
CC,blue,blue,green,CC_blue_blue_green,CC_blue_blue_green.jpeg,CC_blue_blue_green.webp
CC,blue,blue,blue,CC_blue_blue_blue,CC_blue_blue_blue.jpeg,CC_blue_blue_blue.webp
FC,raw,raw,raw,FC_raw_raw_raw,FC_raw_raw_raw.jpeg,FC_raw_raw_raw.webp
FC,raw,raw,gold,FC_raw_raw_gold,FC_raw_raw_gold.jpeg,FC_raw_raw_gold.webp
FC,raw,raw,red,FC_raw_raw_red,FC_raw_raw_red.jpeg,FC_raw_raw_red.webp
FC,raw,raw,green,FC_raw_raw_green,FC_raw_raw_green.jpeg,FC_raw_raw_green.webp
FC,raw,raw,blue,FC_raw_raw_blue,FC_raw_raw_blue.jpeg,FC_raw_raw_blue.webp
FC,raw,gold,raw,FC_raw_gold_raw,FC_raw_gold_raw.jpeg,FC_raw_gold_raw.webp
FC,raw,gold,gold,FC_raw_gold_gold,FC_raw_gold_gold.jpeg,FC_raw_gold_gold.webp
FC,raw,gold,red,FC_raw_gold_red,FC_raw_gold_red.jpeg,FC_raw_gold_red.webp
FC,raw,gold,green,FC_raw_gold_green,FC_raw_gold_green.jpeg,FC_raw_gold_green.webp
FC,raw,gold,blue,FC_raw_gold_blue,FC_raw_gold_blue.jpeg,FC_raw_gold_blue.webp
FC,raw,red,raw,FC_raw_red_raw,FC_raw_red_raw.jpeg,FC_raw_red_raw.webp
FC,raw,red,gold,FC_raw_red_gold,FC_raw_red_gold.jpeg,FC_raw_red_gold.webp
FC,raw,red,red,FC_raw_red_red,FC_raw_red_red.jpeg,FC_raw_red_red.webp
FC,raw,red,green,FC_raw_red_green,FC_raw_red_green.jpeg,FC_raw_red_green.webp
FC,raw,red,blue,FC_raw_red_blue,FC_raw_red_blue.jpeg,FC_raw_red_blue.webp
FC,raw,green,raw,FC_raw_green_raw,FC_raw_green_raw.jpeg,FC_raw_green_raw.webp
FC,raw,green,gold,FC_raw_green_gold,FC_raw_green_gold.jpeg,FC_raw_green_gold.webp
FC,raw,green,red,FC_raw_green_red,FC_raw_green_red.jpeg,FC_raw_green_red.webp
FC,raw,green,green,FC_raw_green_green,FC_raw_green_green.jpeg,FC_raw_green_green.webp
FC,raw,green,blue,FC_raw_green_blue,FC_raw_green_blue.jpeg,FC_raw_green_blue.webp
FC,raw,blue,raw,FC_raw_blue_raw,FC_raw_blue_raw.jpeg,FC_raw_blue_raw.webp
FC,raw,blue,gold,FC_raw_blue_gold,FC_raw_blue_gold.jpeg,FC_raw_blue_gold.webp
FC,raw,blue,red,FC_raw_blue_red,FC_raw_blue_red.jpeg,FC_raw_blue_red.webp
FC,raw,blue,green,FC_raw_blue_green,FC_raw_blue_green.jpeg,FC_raw_blue_green.webp
FC,raw,blue,blue,FC_raw_blue_blue,FC_raw_blue_blue.jpeg,FC_raw_blue_blue.webp
FC,gold,raw,raw,FC_gold_raw_raw,FC_gold_raw_raw.jpeg,FC_gold_raw_raw.webp
FC,gold,raw,gold,FC_gold_raw_gold,FC_gold_raw_gold.jpeg,FC_gold_raw_gold.webp
FC,gold,raw,red,FC_gold_raw_red,FC_gold_raw_red.jpeg,FC_gold_raw_red.webp
FC,gold,raw,green,FC_gold_raw_green,FC_gold_raw_green.jpeg,FC_gold_raw_green.webp
FC,gold,raw,blue,FC_gold_raw_blue,FC_gold_raw_blue.jpeg,FC_gold_raw_blue.webp
FC,gold,gold,raw,FC_gold_gold_raw,FC_gold_gold_raw.jpeg,FC_gold_gold_raw.webp
FC,gold,gold,gold,FC_gold_gold_gold,FC_gold_gold_gold.jpeg,FC_gold_gold_gold.webp
FC,gold,gold,red,FC_gold_gold_red,FC_gold_gold_red.jpeg,FC_gold_gold_red.webp
FC,gold,gold,green,FC_gold_gold_green,FC_gold_gold_green.jpeg,FC_gold_gold_green.webp
FC,gold,gold,blue,FC_gold_gold_blue,FC_gold_gold_blue.jpeg,FC_gold_gold_blue.webp
FC,gold,red,raw,FC_gold_red_raw,FC_gold_red_raw.jpeg,FC_gold_red_raw.webp
FC,gold,red,gold,FC_gold_red_gold,FC_gold_red_gold.jpeg,FC_gold_red_gold.webp
FC,gold,red,red,FC_gold_red_red,FC_gold_red_red.jpeg,FC_gold_red_red.webp
FC,gold,red,green,FC_gold_red_green,FC_gold_red_green.jpeg,FC_gold_red_green.webp
FC,gold,red,blue,FC_gold_red_blue,FC_gold_red_blue.jpeg,FC_gold_red_blue.webp
FC,gold,green,raw,FC_gold_green_raw,FC_gold_green_raw.jpeg,FC_gold_green_raw.webp
FC,gold,green,gold,FC_gold_green_gold,FC_gold_green_gold.jpeg,FC_gold_green_gold.webp
FC,gold,green,red,FC_gold_green_red,FC_gold_green_red.jpeg,FC_gold_green_red.webp
FC,gold,green,green,FC_gold_green_green,FC_gold_green_green.jpeg,FC_gold_green_green.webp
FC,gold,green,blue,FC_gold_green_blue,FC_gold_green_blue.jpeg,FC_gold_green_blue.webp
FC,gold,blue,raw,FC_gold_blue_raw,FC_gold_blue_raw.jpeg,FC_gold_blue_raw.webp
FC,gold,blue,gold,FC_gold_blue_gold,FC_gold_blue_gold.jpeg,FC_gold_blue_gold.webp
FC,gold,blue,red,FC_gold_blue_red,FC_gold_blue_red.jpeg,FC_gold_blue_red.webp
FC,gold,blue,green,FC_gold_blue_green,FC_gold_blue_green.jpeg,FC_gold_blue_green.webp
FC,gold,blue,blue,FC_gold_blue_blue,FC_gold_blue_blue.jpeg,FC_gold_blue_blue.webp
FC,red,raw,raw,FC_red_raw_raw,FC_red_raw_raw.jpeg,FC_red_raw_raw.webp
FC,red,raw,gold,FC_red_raw_gold,FC_red_raw_gold.jpeg,FC_red_raw_gold.webp
FC,red,raw,red,FC_red_raw_red,FC_red_raw_red.jpeg,FC_red_raw_red.webp
FC,red,raw,green,FC_red_raw_green,FC_red_raw_green.jpeg,FC_red_raw_green.webp
FC,red,raw,blue,FC_red_raw_blue,FC_red_raw_blue.jpeg,FC_red_raw_blue.webp
FC,red,gold,raw,FC_red_gold_raw,FC_red_gold_raw.jpeg,FC_red_gold_raw.webp
FC,red,gold,gold,FC_red_gold_gold,FC_red_gold_gold.jpeg,FC_red_gold_gold.webp
FC,red,gold,red,FC_red_gold_red,FC_red_gold_red.jpeg,FC_red_gold_red.webp
FC,red,gold,green,FC_red_gold_green,FC_red_gold_green.jpeg,FC_red_gold_green.webp
FC,red,gold,blue,FC_red_gold_blue,FC_red_gold_blue.jpeg,FC_red_gold_blue.webp
FC,red,red,raw,FC_red_red_raw,FC_red_red_raw.jpeg,FC_red_red_raw.webp
FC,red,red,gold,FC_red_red_gold,FC_red_red_gold.jpeg,FC_red_red_gold.webp
FC,red,red,red,FC_red_red_red,FC_red_red_red.jpeg,FC_red_red_red.webp
FC,red,red,green,FC_red_red_green,FC_red_red_green.jpeg,FC_red_red_green.webp
FC,red,red,blue,FC_red_red_blue,FC_red_red_blue.jpeg,FC_red_red_blue.webp
FC,red,green,raw,FC_red_green_raw,FC_red_green_raw.jpeg,FC_red_green_raw.webp
FC,red,green,gold,FC_red_green_gold,FC_red_green_gold.jpeg,FC_red_green_gold.webp
FC,red,green,red,FC_red_green_red,FC_red_green_red.jpeg,FC_red_green_red.webp
FC,red,green,green,FC_red_green_green,FC_red_green_green.jpeg,FC_red_green_green.webp
FC,red,green,blue,FC_red_green_blue,FC_red_green_blue.jpeg,FC_red_green_blue.webp
FC,red,blue,raw,FC_red_blue_raw,FC_red_blue_raw.jpeg,FC_red_blue_raw.webp
FC,red,blue,gold,FC_red_blue_gold,FC_red_blue_gold.jpeg,FC_red_blue_gold.webp
FC,red,blue,red,FC_red_blue_red,FC_red_blue_red.jpeg,FC_red_blue_red.webp
FC,red,blue,green,FC_red_blue_green,FC_red_blue_green.jpeg,FC_red_blue_green.webp
FC,red,blue,blue,FC_red_blue_blue,FC_red_blue_blue.jpeg,FC_red_blue_blue.webp
FC,green,raw,raw,FC_green_raw_raw,FC_green_raw_raw.jpeg,FC_green_raw_raw.webp
FC,green,raw,gold,FC_green_raw_gold,FC_green_raw_gold.jpeg,FC_green_raw_gold.webp
FC,green,raw,red,FC_green_raw_red,FC_green_raw_red.jpeg,FC_green_raw_red.webp
FC,green,raw,green,FC_green_raw_green,FC_green_raw_green.jpeg,FC_green_raw_green.webp
FC,green,raw,blue,FC_green_raw_blue,FC_green_raw_blue.jpeg,FC_green_raw_blue.webp
FC,green,gold,raw,FC_green_gold_raw,FC_green_gold_raw.jpeg,FC_green_gold_raw.webp
FC,green,gold,gold,FC_green_gold_gold,FC_green_gold_gold.jpeg,FC_green_gold_gold.webp
FC,green,gold,red,FC_green_gold_red,FC_green_gold_red.jpeg,FC_green_gold_red.webp
FC,green,gold,green,FC_green_gold_green,FC_green_gold_green.jpeg,FC_green_gold_green.webp
FC,green,gold,blue,FC_green_gold_blue,FC_green_gold_blue.jpeg,FC_green_gold_blue.webp
FC,green,red,raw,FC_green_red_raw,FC_green_red_raw.jpeg,FC_green_red_raw.webp
FC,green,red,gold,FC_green_red_gold,FC_green_red_gold.jpeg,FC_green_red_gold.webp
FC,green,red,red,FC_green_red_red,FC_green_red_red.jpeg,FC_green_red_red.webp
FC,green,red,green,FC_green_red_green,FC_green_red_green.jpeg,FC_green_red_green.webp
FC,green,red,blue,FC_green_red_blue,FC_green_red_blue.jpeg,FC_green_red_blue.webp
FC,green,green,raw,FC_green_green_raw,FC_green_green_raw.jpeg,FC_green_green_raw.webp
FC,green,green,gold,FC_green_green_gold,FC_green_green_gold.jpeg,FC_green_green_gold.webp
FC,green,green,red,FC_green_green_red,FC_green_green_red.jpeg,FC_green_green_red.webp
FC,green,green,green,FC_green_green_green,FC_green_green_green.jpeg,FC_green_green_green.webp
FC,green,green,blue,FC_green_green_blue,FC_green_green_blue.jpeg,FC_green_green_blue.webp
FC,green,blue,raw,FC_green_blue_raw,FC_green_blue_raw.jpeg,FC_green_blue_raw.webp
FC,green,blue,gold,FC_green_blue_gold,FC_green_blue_gold.jpeg,FC_green_blue_gold.webp
FC,green,blue,red,FC_green_blue_red,FC_green_blue_red.jpeg,FC_green_blue_red.webp
FC,green,blue,green,FC_green_blue_green,FC_green_blue_green.jpeg,FC_green_blue_green.webp
FC,green,blue,blue,FC_green_blue_blue,FC_green_blue_blue.jpeg,FC_green_blue_blue.webp
FC,blue,raw,raw,FC_blue_raw_raw,FC_blue_raw_raw.jpeg,FC_blue_raw_raw.webp
FC,blue,raw,gold,FC_blue_raw_gold,FC_blue_raw_gold.jpeg,FC_blue_raw_gold.webp
FC,blue,raw,red,FC_blue_raw_red,FC_blue_raw_red.jpeg,FC_blue_raw_red.webp
FC,blue,raw,green,FC_blue_raw_green,FC_blue_raw_green.jpeg,FC_blue_raw_green.webp
FC,blue,raw,blue,FC_blue_raw_blue,FC_blue_raw_blue.jpeg,FC_blue_raw_blue.webp
FC,blue,gold,raw,FC_blue_gold_raw,FC_blue_gold_raw.jpeg,FC_blue_gold_raw.webp
FC,blue,gold,gold,FC_blue_gold_gold,FC_blue_gold_gold.jpeg,FC_blue_gold_gold.webp
FC,blue,gold,red,FC_blue_gold_red,FC_blue_gold_red.jpeg,FC_blue_gold_red.webp
FC,blue,gold,green,FC_blue_gold_green,FC_blue_gold_green.jpeg,FC_blue_gold_green.webp
FC,blue,gold,blue,FC_blue_gold_blue,FC_blue_gold_blue.jpeg,FC_blue_gold_blue.webp
FC,blue,red,raw,FC_blue_red_raw,FC_blue_red_raw.jpeg,FC_blue_red_raw.webp
FC,blue,red,gold,FC_blue_red_gold,FC_blue_red_gold.jpeg,FC_blue_red_gold.webp
FC,blue,red,red,FC_blue_red_red,FC_blue_red_red.jpeg,FC_blue_red_red.webp
FC,blue,red,green,FC_blue_red_green,FC_blue_red_green.jpeg,FC_blue_red_green.webp
FC,blue,red,blue,FC_blue_red_blue,FC_blue_red_blue.jpeg,FC_blue_red_blue.webp
FC,blue,green,raw,FC_blue_green_raw,FC_blue_green_raw.jpeg,FC_blue_green_raw.webp
FC,blue,green,gold,FC_blue_green_gold,FC_blue_green_gold.jpeg,FC_blue_green_gold.webp
FC,blue,green,red,FC_blue_green_red,FC_blue_green_red.jpeg,FC_blue_green_red.webp
FC,blue,green,green,FC_blue_green_green,FC_blue_green_green.jpeg,FC_blue_green_green.webp
FC,blue,green,blue,FC_blue_green_blue,FC_blue_green_blue.jpeg,FC_blue_green_blue.webp
FC,blue,blue,raw,FC_blue_blue_raw,FC_blue_blue_raw.jpeg,FC_blue_blue_raw.webp
FC,blue,blue,gold,FC_blue_blue_gold,FC_blue_blue_gold.jpeg,FC_blue_blue_gold.webp
FC,blue,blue,red,FC_blue_blue_red,FC_blue_blue_red.jpeg,FC_blue_blue_red.webp
FC,blue,blue,green,FC_blue_blue_green,FC_blue_blue_green.jpeg,FC_blue_blue_green.webp
FC,blue,blue,blue,FC_blue_blue_blue,FC_blue_blue_blue.jpeg,FC_blue_blue_blue.webp
LIN,raw,raw,raw,LIN_raw_raw_raw,LIN_raw_raw_raw.jpeg,LIN_raw_raw_raw.webp
LIN,raw,raw,gold,LIN_raw_raw_gold,LIN_raw_raw_gold.jpeg,LIN_raw_raw_gold.webp
LIN,raw,raw,red,LIN_raw_raw_red,LIN_raw_raw_red.jpeg,LIN_raw_raw_red.webp
LIN,raw,raw,green,LIN_raw_raw_green,LIN_raw_raw_green.jpeg,LIN_raw_raw_green.webp
LIN,raw,raw,blue,LIN_raw_raw_blue,LIN_raw_raw_blue.jpeg,LIN_raw_raw_blue.webp
LIN,raw,gold,raw,LIN_raw_gold_raw,LIN_raw_gold_raw.jpeg,LIN_raw_gold_raw.webp
LIN,raw,gold,gold,LIN_raw_gold_gold,LIN_raw_gold_gold.jpeg,LIN_raw_gold_gold.webp
LIN,raw,gold,red,LIN_raw_gold_red,LIN_raw_gold_red.jpeg,LIN_raw_gold_red.webp
LIN,raw,gold,green,LIN_raw_gold_green,LIN_raw_gold_green.jpeg,LIN_raw_gold_green.webp
LIN,raw,gold,blue,LIN_raw_gold_blue,LIN_raw_gold_blue.jpeg,LIN_raw_gold_blue.webp
LIN,raw,red,raw,LIN_raw_red_raw,LIN_raw_red_raw.jpeg,LIN_raw_red_raw.webp
LIN,raw,red,gold,LIN_raw_red_gold,LIN_raw_red_gold.jpeg,LIN_raw_red_gold.webp
LIN,raw,red,red,LIN_raw_red_red,LIN_raw_red_red.jpeg,LIN_raw_red_red.webp
LIN,raw,red,green,LIN_raw_red_green,LIN_raw_red_green.jpeg,LIN_raw_red_green.webp
LIN,raw,red,blue,LIN_raw_red_blue,LIN_raw_red_blue.jpeg,LIN_raw_red_blue.webp
LIN,raw,green,raw,LIN_raw_green_raw,LIN_raw_green_raw.jpeg,LIN_raw_green_raw.webp
LIN,raw,green,gold,LIN_raw_green_gold,LIN_raw_green_gold.jpeg,LIN_raw_green_gold.webp
LIN,raw,green,red,LIN_raw_green_red,LIN_raw_green_red.jpeg,LIN_raw_green_red.webp
LIN,raw,green,green,LIN_raw_green_green,LIN_raw_green_green.jpeg,LIN_raw_green_green.webp
LIN,raw,green,blue,LIN_raw_green_blue,LIN_raw_green_blue.jpeg,LIN_raw_green_blue.webp
LIN,raw,blue,raw,LIN_raw_blue_raw,LIN_raw_blue_raw.jpeg,LIN_raw_blue_raw.webp
LIN,raw,blue,gold,LIN_raw_blue_gold,LIN_raw_blue_gold.jpeg,LIN_raw_blue_gold.webp
LIN,raw,blue,red,LIN_raw_blue_red,LIN_raw_blue_red.jpeg,LIN_raw_blue_red.webp
LIN,raw,blue,green,LIN_raw_blue_green,LIN_raw_blue_green.jpeg,LIN_raw_blue_green.webp
LIN,raw,blue,blue,LIN_raw_blue_blue,LIN_raw_blue_blue.jpeg,LIN_raw_blue_blue.webp
LIN,gold,raw,raw,LIN_gold_raw_raw,LIN_gold_raw_raw.jpeg,LIN_gold_raw_raw.webp
LIN,gold,raw,gold,LIN_gold_raw_gold,LIN_gold_raw_gold.jpeg,LIN_gold_raw_gold.webp
LIN,gold,raw,red,LIN_gold_raw_red,LIN_gold_raw_red.jpeg,LIN_gold_raw_red.webp
LIN,gold,raw,green,LIN_gold_raw_green,LIN_gold_raw_green.jpeg,LIN_gold_raw_green.webp
LIN,gold,raw,blue,LIN_gold_raw_blue,LIN_gold_raw_blue.jpeg,LIN_gold_raw_blue.webp
LIN,gold,gold,raw,LIN_gold_gold_raw,LIN_gold_gold_raw.jpeg,LIN_gold_gold_raw.webp
LIN,gold,gold,gold,LIN_gold_gold_gold,LIN_gold_gold_gold.jpeg,LIN_gold_gold_gold.webp
LIN,gold,gold,red,LIN_gold_gold_red,LIN_gold_gold_red.jpeg,LIN_gold_gold_red.webp
LIN,gold,gold,green,LIN_gold_gold_green,LIN_gold_gold_green.jpeg,LIN_gold_gold_green.webp
LIN,gold,gold,blue,LIN_gold_gold_blue,LIN_gold_gold_blue.jpeg,LIN_gold_gold_blue.webp
LIN,gold,red,raw,LIN_gold_red_raw,LIN_gold_red_raw.jpeg,LIN_gold_red_raw.webp
LIN,gold,red,gold,LIN_gold_red_gold,LIN_gold_red_gold.jpeg,LIN_gold_red_gold.webp
LIN,gold,red,red,LIN_gold_red_red,LIN_gold_red_red.jpeg,LIN_gold_red_red.webp
LIN,gold,red,green,LIN_gold_red_green,LIN_gold_red_green.jpeg,LIN_gold_red_green.webp
LIN,gold,red,blue,LIN_gold_red_blue,LIN_gold_red_blue.jpeg,LIN_gold_red_blue.webp
LIN,gold,green,raw,LIN_gold_green_raw,LIN_gold_green_raw.jpeg,LIN_gold_green_raw.webp
LIN,gold,green,gold,LIN_gold_green_gold,LIN_gold_green_gold.jpeg,LIN_gold_green_gold.webp
LIN,gold,green,red,LIN_gold_green_red,LIN_gold_green_red.jpeg,LIN_gold_green_red.webp
LIN,gold,green,green,LIN_gold_green_green,LIN_gold_green_green.jpeg,LIN_gold_green_green.webp
LIN,gold,green,blue,LIN_gold_green_blue,LIN_gold_green_blue.jpeg,LIN_gold_green_blue.webp
LIN,gold,blue,raw,LIN_gold_blue_raw,LIN_gold_blue_raw.jpeg,LIN_gold_blue_raw.webp
LIN,gold,blue,gold,LIN_gold_blue_gold,LIN_gold_blue_gold.jpeg,LIN_gold_blue_gold.webp
LIN,gold,blue,red,LIN_gold_blue_red,LIN_gold_blue_red.jpeg,LIN_gold_blue_red.webp
LIN,gold,blue,green,LIN_gold_blue_green,LIN_gold_blue_green.jpeg,LIN_gold_blue_green.webp
LIN,gold,blue,blue,LIN_gold_blue_blue,LIN_gold_blue_blue.jpeg,LIN_gold_blue_blue.webp
LIN,red,raw,raw,LIN_red_raw_raw,LIN_red_raw_raw.jpeg,LIN_red_raw_raw.webp
LIN,red,raw,gold,LIN_red_raw_gold,LIN_red_raw_gold.jpeg,LIN_red_raw_gold.webp
LIN,red,raw,red,LIN_red_raw_red,LIN_red_raw_red.jpeg,LIN_red_raw_red.webp
LIN,red,raw,green,LIN_red_raw_green,LIN_red_raw_green.jpeg,LIN_red_raw_green.webp
LIN,red,raw,blue,LIN_red_raw_blue,LIN_red_raw_blue.jpeg,LIN_red_raw_blue.webp
LIN,red,gold,raw,LIN_red_gold_raw,LIN_red_gold_raw.jpeg,LIN_red_gold_raw.webp
LIN,red,gold,gold,LIN_red_gold_gold,LIN_red_gold_gold.jpeg,LIN_red_gold_gold.webp
LIN,red,gold,red,LIN_red_gold_red,LIN_red_gold_red.jpeg,LIN_red_gold_red.webp
LIN,red,gold,green,LIN_red_gold_green,LIN_red_gold_green.jpeg,LIN_red_gold_green.webp
LIN,red,gold,blue,LIN_red_gold_blue,LIN_red_gold_blue.jpeg,LIN_red_gold_blue.webp
LIN,red,red,raw,LIN_red_red_raw,LIN_red_red_raw.jpeg,LIN_red_red_raw.webp
LIN,red,red,gold,LIN_red_red_gold,LIN_red_red_gold.jpeg,LIN_red_red_gold.webp
LIN,red,red,red,LIN_red_red_red,LIN_red_red_red.jpeg,LIN_red_red_red.webp
LIN,red,red,green,LIN_red_red_green,LIN_red_red_green.jpeg,LIN_red_red_green.webp
LIN,red,red,blue,LIN_red_red_blue,LIN_red_red_blue.jpeg,LIN_red_red_blue.webp
LIN,red,green,raw,LIN_red_green_raw,LIN_red_green_raw.jpeg,LIN_red_green_raw.webp
LIN,red,green,gold,LIN_red_green_gold,LIN_red_green_gold.jpeg,LIN_red_green_gold.webp
LIN,red,green,red,LIN_red_green_red,LIN_red_green_red.jpeg,LIN_red_green_red.webp
LIN,red,green,green,LIN_red_green_green,LIN_red_green_green.jpeg,LIN_red_green_green.webp
LIN,red,green,blue,LIN_red_green_blue,LIN_red_green_blue.jpeg,LIN_red_green_blue.webp
LIN,red,blue,raw,LIN_red_blue_raw,LIN_red_blue_raw.jpeg,LIN_red_blue_raw.webp
LIN,red,blue,gold,LIN_red_blue_gold,LIN_red_blue_gold.jpeg,LIN_red_blue_gold.webp
LIN,red,blue,red,LIN_red_blue_red,LIN_red_blue_red.jpeg,LIN_red_blue_red.webp
LIN,red,blue,green,LIN_red_blue_green,LIN_red_blue_green.jpeg,LIN_red_blue_green.webp
LIN,red,blue,blue,LIN_red_blue_blue,LIN_red_blue_blue.jpeg,LIN_red_blue_blue.webp
LIN,green,raw,raw,LIN_green_raw_raw,LIN_green_raw_raw.jpeg,LIN_green_raw_raw.webp
LIN,green,raw,gold,LIN_green_raw_gold,LIN_green_raw_gold.jpeg,LIN_green_raw_gold.webp
LIN,green,raw,red,LIN_green_raw_red,LIN_green_raw_red.jpeg,LIN_green_raw_red.webp
LIN,green,raw,green,LIN_green_raw_green,LIN_green_raw_green.jpeg,LIN_green_raw_green.webp
LIN,green,raw,blue,LIN_green_raw_blue,LIN_green_raw_blue.jpeg,LIN_green_raw_blue.webp
LIN,green,gold,raw,LIN_green_gold_raw,LIN_green_gold_raw.jpeg,LIN_green_gold_raw.webp
LIN,green,gold,gold,LIN_green_gold_gold,LIN_green_gold_gold.jpeg,LIN_green_gold_gold.webp
LIN,green,gold,red,LIN_green_gold_red,LIN_green_gold_red.jpeg,LIN_green_gold_red.webp
LIN,green,gold,green,LIN_green_gold_green,LIN_green_gold_green.jpeg,LIN_green_gold_green.webp
LIN,green,gold,blue,LIN_green_gold_blue,LIN_green_gold_blue.jpeg,LIN_green_gold_blue.webp
LIN,green,red,raw,LIN_green_red_raw,LIN_green_red_raw.jpeg,LIN_green_red_raw.webp
LIN,green,red,gold,LIN_green_red_gold,LIN_green_red_gold.jpeg,LIN_green_red_gold.webp
LIN,green,red,red,LIN_green_red_red,LIN_green_red_red.jpeg,LIN_green_red_red.webp
LIN,green,red,green,LIN_green_red_green,LIN_green_red_green.jpeg,LIN_green_red_green.webp
LIN,green,red,blue,LIN_green_red_blue,LIN_green_red_blue.jpeg,LIN_green_red_blue.webp
LIN,green,green,raw,LIN_green_green_raw,LIN_green_green_raw.jpeg,LIN_green_green_raw.webp
LIN,green,green,gold,LIN_green_green_gold,LIN_green_green_gold.jpeg,LIN_green_green_gold.webp
LIN,green,green,red,LIN_green_green_red,LIN_green_green_red.jpeg,LIN_green_green_red.webp
LIN,green,green,green,LIN_green_green_green,LIN_green_green_green.jpeg,LIN_green_green_green.webp
LIN,green,green,blue,LIN_green_green_blue,LIN_green_green_blue.jpeg,LIN_green_green_blue.webp
LIN,green,blue,raw,LIN_green_blue_raw,LIN_green_blue_raw.jpeg,LIN_green_blue_raw.webp
LIN,green,blue,gold,LIN_green_blue_gold,LIN_green_blue_gold.jpeg,LIN_green_blue_gold.webp
LIN,green,blue,red,LIN_green_blue_red,LIN_green_blue_red.jpeg,LIN_green_blue_red.webp
LIN,green,blue,green,LIN_green_blue_green,LIN_green_blue_green.jpeg,LIN_green_blue_green.webp
LIN,green,blue,blue,LIN_green_blue_blue,LIN_green_blue_blue.jpeg,LIN_green_blue_blue.webp
LIN,blue,raw,raw,LIN_blue_raw_raw,LIN_blue_raw_raw.jpeg,LIN_blue_raw_raw.webp
LIN,blue,raw,gold,LIN_blue_raw_gold,LIN_blue_raw_gold.jpeg,LIN_blue_raw_gold.webp
LIN,blue,raw,red,LIN_blue_raw_red,LIN_blue_raw_red.jpeg,LIN_blue_raw_red.webp
LIN,blue,raw,green,LIN_blue_raw_green,LIN_blue_raw_green.jpeg,LIN_blue_raw_green.webp
LIN,blue,raw,blue,LIN_blue_raw_blue,LIN_blue_raw_blue.jpeg,LIN_blue_raw_blue.webp
LIN,blue,gold,raw,LIN_blue_gold_raw,LIN_blue_gold_raw.jpeg,LIN_blue_gold_raw.webp
LIN,blue,gold,gold,LIN_blue_gold_gold,LIN_blue_gold_gold.jpeg,LIN_blue_gold_gold.webp
LIN,blue,gold,red,LIN_blue_gold_red,LIN_blue_gold_red.jpeg,LIN_blue_gold_red.webp
LIN,blue,gold,green,LIN_blue_gold_green,LIN_blue_gold_green.jpeg,LIN_blue_gold_green.webp
LIN,blue,gold,blue,LIN_blue_gold_blue,LIN_blue_gold_blue.jpeg,LIN_blue_gold_blue.webp
LIN,blue,red,raw,LIN_blue_red_raw,LIN_blue_red_raw.jpeg,LIN_blue_red_raw.webp
LIN,blue,red,gold,LIN_blue_red_gold,LIN_blue_red_gold.jpeg,LIN_blue_red_gold.webp
LIN,blue,red,red,LIN_blue_red_red,LIN_blue_red_red.jpeg,LIN_blue_red_red.webp
LIN,blue,red,green,LIN_blue_red_green,LIN_blue_red_green.jpeg,LIN_blue_red_green.webp
LIN,blue,red,blue,LIN_blue_red_blue,LIN_blue_red_blue.jpeg,LIN_blue_red_blue.webp
LIN,blue,green,raw,LIN_blue_green_raw,LIN_blue_green_raw.jpeg,LIN_blue_green_raw.webp
LIN,blue,green,gold,LIN_blue_green_gold,LIN_blue_green_gold.jpeg,LIN_blue_green_gold.webp
LIN,blue,green,red,LIN_blue_green_red,LIN_blue_green_red.jpeg,LIN_blue_green_red.webp
LIN,blue,green,green,LIN_blue_green_green,LIN_blue_green_green.jpeg,LIN_blue_green_green.webp
LIN,blue,green,blue,LIN_blue_green_blue,LIN_blue_green_blue.jpeg,LIN_blue_green_blue.webp
LIN,blue,blue,raw,LIN_blue_blue_raw,LIN_blue_blue_raw.jpeg,LIN_blue_blue_raw.webp
LIN,blue,blue,gold,LIN_blue_blue_gold,LIN_blue_blue_gold.jpeg,LIN_blue_blue_gold.webp
LIN,blue,blue,red,LIN_blue_blue_red,LIN_blue_blue_red.jpeg,LIN_blue_blue_red.webp
LIN,blue,blue,green,LIN_blue_blue_green,LIN_blue_blue_green.jpeg,LIN_blue_blue_green.webp
LIN,blue,blue,blue,LIN_blue_blue_blue,LIN_blue_blue_blue.jpeg,LIN_blue_blue_blue.webp
